Record Length,2500,,-0.05,0.8
Sample Interval,0.0002,,-0.0498,0.8
Trigger Point,250,,-0.0496,0.8
,,,-0.0494,0.8
,,,-0.0492,0.8
,,,-0.049,0.8
Source,CH2,,-0.0488,0.8
Vertical Units,V,,-0.0486,0.8
Vertical Scale,10,,-0.0484,0.8
Vertical Offset,-20.8,,-0.0482,0.8
Horizontal Units,s,,-0.048,0.8
Horizontal Scale,0.05,,-0.0478,0.4
Pt Fmt,Y,,-0.0476,0.4
Yzero,0,,-0.0474,0.4
Probe Atten,10,,-0.0472,0.4
Model Number,TDS2002C,,-0.047,0.4
Serial Number,C014825,,-0.0468,0.4
Firmware Version,FV:v24.17,,-0.0466,0.4
,,,-0.0464,0.4
,,,-0.0462,0.4
,,,-0.046,0.4
,,,-0.0458,0.4
,,,-0.0456,0.4
,,,-0.0454,0.4
,,,-0.0452,0.4
,,,-0.045,0.4
,,,-0.0448,0.4
,,,-0.0446,0.4
,,,-0.0444,0.4
,,,-0.0442,0.4
,,,-0.044,0.4
,,,-0.0438,0.4
,,,-0.0436,0.4
,,,-0.0434,0.4
,,,-0.0432,0.4
,,,-0.043,0.4
,,,-0.0428,0
,,,-0.0426,0
,,,-0.0424,0
,,,-0.0422,0
,,,-0.042,0
,,,-0.0418,0
,,,-0.0416,0
,,,-0.0414,0
,,,-0.0412,0
,,,-0.041,0
,,,-0.0408,0
,,,-0.0406,0
,,,-0.0404,0.4
,,,-0.0402,0.4
,,,-0.04,0
,,,-0.0398,0
,,,-0.0396,0
,,,-0.0394,0
,,,-0.0392,0
,,,-0.039,0
,,,-0.0388,0
,,,-0.0386,0
,,,-0.0384,0
,,,-0.0382,0
,,,-0.038,0
,,,-0.0378,0.4
,,,-0.0376,0
,,,-0.0374,0
,,,-0.0372,0
,,,-0.037,0
,,,-0.0368,0
,,,-0.0366,0
,,,-0.0364,0
,,,-0.0362,0
,,,-0.036,0
,,,-0.0358,0
,,,-0.0356,0.4
,,,-0.0354,0.4
,,,-0.0352,0.4
,,,-0.035,0.4
,,,-0.0348,0.4
,,,-0.0346,0.4
,,,-0.0344,0.4
,,,-0.0342,0.4
,,,-0.034,0.4
,,,-0.0338,0.4
,,,-0.0336,0.4
,,,-0.0334,0.4
,,,-0.0332,0.4
,,,-0.033,0.4
,,,-0.0328,0.4
,,,-0.0326,0.4
,,,-0.0324,0.4
,,,-0.0322,0.4
,,,-0.032,0.4
,,,-0.0318,0.4
,,,-0.0316,0.4
,,,-0.0314,0.4
,,,-0.0312,0.4
,,,-0.031,0.4
,,,-0.0308,0.4
,,,-0.0306,0.4
,,,-0.0304,0.4
,,,-0.0302,0.4
,,,-0.03,0.4
,,,-0.0298,0.4
,,,-0.0296,0.4
,,,-0.0294,0.4
,,,-0.0292,0.4
,,,-0.029,0.4
,,,-0.0288,0.4
,,,-0.0286,0.4
,,,-0.0284,0.4
,,,-0.0282,0.4
,,,-0.028,0.4
,,,-0.0278,0.4
,,,-0.0276,0.4
,,,-0.0274,0.4
,,,-0.0272,0
,,,-0.027,0.4
,,,-0.0268,0
,,,-0.0266,0
,,,-0.0264,0
,,,-0.0262,0
,,,-0.026,0
,,,-0.0258,0
,,,-0.0256,0
,,,-0.0254,0
,,,-0.0252,0
,,,-0.025,0
,,,-0.0248,0
,,,-0.0246,0
,,,-0.0244,0
,,,-0.0242,0
,,,-0.024,0
,,,-0.0238,0
,,,-0.0236,0
,,,-0.0234,0
,,,-0.0232,0
,,,-0.023,0
,,,-0.0228,0
,,,-0.0226,0
,,,-0.0224,0
,,,-0.0222,0
,,,-0.022,0
,,,-0.0218,0
,,,-0.0216,0
,,,-0.0214,0
,,,-0.0212,0
,,,-0.021,0
,,,-0.0208,0
,,,-0.0206,0
,,,-0.0204,0
,,,-0.0202,0
,,,-0.02,0
,,,-0.0198,0
,,,-0.0196,0
,,,-0.0194,0
,,,-0.0192,0
,,,-0.019,0
,,,-0.0188,0
,,,-0.0186,0
,,,-0.0184,0
,,,-0.0182,0
,,,-0.018,0
,,,-0.0178,0
,,,-0.0176,0
,,,-0.0174,0
,,,-0.0172,0
,,,-0.017,0
,,,-0.0168,0
,,,-0.0166,0
,,,-0.0164,0
,,,-0.0162,0
,,,-0.016,0
,,,-0.0158,0
,,,-0.0156,0
,,,-0.0154,0
,,,-0.0152,0
,,,-0.015,0
,,,-0.0148,0
,,,-0.0146,0
,,,-0.0144,0
,,,-0.0142,0
,,,-0.014,0
,,,-0.0138,0
,,,-0.0136,0
,,,-0.0134,0
,,,-0.0132,0
,,,-0.013,0
,,,-0.0128,0
,,,-0.0126,0
,,,-0.0124,0
,,,-0.0122,0
,,,-0.012,0
,,,-0.0118,0
,,,-0.0116,0
,,,-0.0114,0
,,,-0.0112,0
,,,-0.011,0
,,,-0.0108,0
,,,-0.0106,0
,,,-0.0104,0
,,,-0.0102,0
,,,-0.01,0
,,,-0.0098,0
,,,-0.0096,0
,,,-0.0094,0
,,,-0.0092,0
,,,-0.009,0
,,,-0.0088,0
,,,-0.0086,0
,,,-0.0084,0
,,,-0.0082,0
,,,-0.008,0
,,,-0.0078,0
,,,-0.0076,0
,,,-0.0074,0
,,,-0.0072,0
,,,-0.007,0
,,,-0.0068,0
,,,-0.0066,0
,,,-0.0064,0
,,,-0.0062,0
,,,-0.006,0
,,,-0.0058,0
,,,-0.0056,0
,,,-0.0054,0
,,,-0.0052,0
,,,-0.005,0
,,,-0.0048,0
,,,-0.0046,0
,,,-0.0044,0
,,,-0.0042,0
,,,-0.004,0
,,,-0.0038,0
,,,-0.0036,0
,,,-0.0034,0
,,,-0.0032,0
,,,-0.003,0
,,,-0.0028,0
,,,-0.0026,0
,,,-0.0024,0
,,,-0.0022,0
,,,-0.002,0
,,,-0.0018,0
,,,-0.0016,0
,,,-0.0014,0
,,,-0.0012,0
,,,-0.001,0
,,,-0.0008,0
,,,-0.0006,0
,,,-0.0004,0
,,,-0.0002,0
,,,0,0
,,,0.0002,0.4
,,,0.0004,1.2
,,,0.0006,1.2
,,,0.0008,1.6
,,,0.001,1.6
,,,0.0012,1.6
,,,0.0014,1.6
,,,0.0016,1.6
,,,0.0018,1.6
,,,0.002,1.6
,,,0.0022,1.6
,,,0.0024,2
,,,0.0026,2
,,,0.0028,2
,,,0.003,2
,,,0.0032,2
,,,0.0034,2
,,,0.0036,2
,,,0.0038,2
,,,0.004,2
,,,0.0042,2
,,,0.0044,2
,,,0.0046,2.4
,,,0.0048,2
,,,0.005,2
,,,0.0052,2
,,,0.0054,2
,,,0.0056,2
,,,0.0058,2
,,,0.006,2
,,,0.0062,2
,,,0.0064,2.4
,,,0.0066,2.4
,,,0.0068,2.4
,,,0.007,2.4
,,,0.0072,2.4
,,,0.0074,2.4
,,,0.0076,2.4
,,,0.0078,2.4
,,,0.008,2.8
,,,0.0082,2.8
,,,0.0084,3.2
,,,0.0086,3.2
,,,0.0088,3.2
,,,0.009,3.2
,,,0.0092,3.6
,,,0.0094,3.6
,,,0.0096,3.6
,,,0.0098,3.6
,,,0.01,4
,,,0.0102,4
,,,0.0104,4
,,,0.0106,4.4
,,,0.0108,4.4
,,,0.011,4.4
,,,0.0112,4.8
,,,0.0114,4.8
,,,0.0116,4.8
,,,0.0118,4.8
,,,0.012,4.8
,,,0.0122,4.8
,,,0.0124,4.8
,,,0.0126,4.8
,,,0.0128,4.8
,,,0.013,4.8
,,,0.0132,4.8
,,,0.0134,4.8
,,,0.0136,4.8
,,,0.0138,4.4
,,,0.014,4
,,,0.0142,4
,,,0.0144,3.6
,,,0.0146,3.2
,,,0.0148,3.2
,,,0.015,2.8
,,,0.0152,2.4
,,,0.0154,2.4
,,,0.0156,2
,,,0.0158,2
,,,0.016,1.6
,,,0.0162,1.6
,,,0.0164,1.6
,,,0.0166,1.6
,,,0.0168,2
,,,0.017,2
,,,0.0172,2.4
,,,0.0174,2.4
,,,0.0176,2.4
,,,0.0178,2.8
,,,0.018,2.8
,,,0.0182,2.8
,,,0.0184,2.8
,,,0.0186,2.8
,,,0.0188,2.4
,,,0.019,2.4
,,,0.0192,2
,,,0.0194,2
,,,0.0196,1.6
,,,0.0198,1.6
,,,0.02,1.2
,,,0.0202,1.6
,,,0.0204,1.6
,,,0.0206,1.6
,,,0.0208,2
,,,0.021,2
,,,0.0212,2.4
,,,0.0214,2.4
,,,0.0216,2.4
,,,0.0218,2.8
,,,0.022,2.4
,,,0.0222,2.4
,,,0.0224,2.4
,,,0.0226,2.4
,,,0.0228,2
,,,0.023,2
,,,0.0232,2
,,,0.0234,2.4
,,,0.0236,2.4
,,,0.0238,2.8
,,,0.024,2.8
,,,0.0242,3.2
,,,0.0244,3.2
,,,0.0246,3.2
,,,0.0248,3.2
,,,0.025,3.2
,,,0.0252,3.2
,,,0.0254,3.2
,,,0.0256,3.2
,,,0.0258,3.6
,,,0.026,3.6
,,,0.0262,4
,,,0.0264,4
,,,0.0266,4.4
,,,0.0268,4.8
,,,0.027,4.8
,,,0.0272,5.2
,,,0.0274,5.2
,,,0.0276,5.2
,,,0.0278,5.2
,,,0.028,5.2
,,,0.0282,5.6
,,,0.0284,6
,,,0.0286,6
,,,0.0288,6.4
,,,0.029,6.8
,,,0.0292,6.8
,,,0.0294,7.2
,,,0.0296,7.2
,,,0.0298,7.2
,,,0.03,7.2
,,,0.0302,7.6
,,,0.0304,7.6
,,,0.0306,8
,,,0.0308,8
,,,0.031,8.4
,,,0.0312,8.4
,,,0.0314,8.4
,,,0.0316,8.8
,,,0.0318,8.8
,,,0.032,8.4
,,,0.0322,8.4
,,,0.0324,8.4
,,,0.0326,8.4
,,,0.0328,8
,,,0.033,8
,,,0.0332,7.6
,,,0.0334,7.6
,,,0.0336,7.2
,,,0.0338,6.8
,,,0.034,6.4
,,,0.0342,5.6
,,,0.0344,5.2
,,,0.0346,4.8
,,,0.0348,4.4
,,,0.035,4
,,,0.0352,3.6
,,,0.0354,3.6
,,,0.0356,3.6
,,,0.0358,3.6
,,,0.036,3.6
,,,0.0362,4
,,,0.0364,4
,,,0.0366,4.4
,,,0.0368,4.8
,,,0.037,4.8
,,,0.0372,5.2
,,,0.0374,5.2
,,,0.0376,5.2
,,,0.0378,5.2
,,,0.038,5.2
,,,0.0382,4.8
,,,0.0384,4.4
,,,0.0386,4
,,,0.0388,3.6
,,,0.039,2.8
,,,0.0392,2.4
,,,0.0394,2.4
,,,0.0396,2.4
,,,0.0398,2.4
,,,0.04,2.8
,,,0.0402,3.2
,,,0.0404,3.6
,,,0.0406,4
,,,0.0408,4.4
,,,0.041,4.4
,,,0.0412,4.4
,,,0.0414,4.4
,,,0.0416,4
,,,0.0418,4
,,,0.042,3.6
,,,0.0422,3.2
,,,0.0424,3.2
,,,0.0426,3.2
,,,0.0428,3.2
,,,0.043,3.6
,,,0.0432,4
,,,0.0434,4.8
,,,0.0436,4.8
,,,0.0438,5.2
,,,0.044,5.6
,,,0.0442,5.2
,,,0.0444,5.2
,,,0.0446,5.2
,,,0.0448,4.8
,,,0.045,4.8
,,,0.0452,5.2
,,,0.0454,5.6
,,,0.0456,6
,,,0.0458,6.4
,,,0.046,6.8
,,,0.0462,7.2
,,,0.0464,7.2
,,,0.0466,7.6
,,,0.0468,7.6
,,,0.047,7.6
,,,0.0472,7.6
,,,0.0474,7.6
,,,0.0476,8
,,,0.0478,8.8
,,,0.048,9.2
,,,0.0482,9.6
,,,0.0484,10
,,,0.0486,10.4
,,,0.0488,10.8
,,,0.049,10.8
,,,0.0492,10.8
,,,0.0494,11.2
,,,0.0496,11.2
,,,0.0498,11.6
,,,0.05,12
,,,0.0502,12.4
,,,0.0504,12.8
,,,0.0506,13.2
,,,0.0508,13.2
,,,0.051,13.6
,,,0.0512,13.2
,,,0.0514,13.2
,,,0.0516,13.2
,,,0.0518,13.2
,,,0.052,13.2
,,,0.0522,13.2
,,,0.0524,13.2
,,,0.0526,12.8
,,,0.0528,12.4
,,,0.053,12
,,,0.0532,11.6
,,,0.0534,10.8
,,,0.0536,10
,,,0.0538,9.2
,,,0.054,8.8
,,,0.0542,7.6
,,,0.0544,7.2
,,,0.0546,6.8
,,,0.0548,6.4
,,,0.055,6
,,,0.0552,6
,,,0.0554,5.6
,,,0.0556,6
,,,0.0558,6
,,,0.056,6.4
,,,0.0562,6.8
,,,0.0564,6.8
,,,0.0566,7.2
,,,0.0568,7.6
,,,0.057,8
,,,0.0572,8
,,,0.0574,8
,,,0.0576,8
,,,0.0578,7.2
,,,0.058,6.8
,,,0.0582,6.4
,,,0.0584,5.6
,,,0.0586,4.8
,,,0.0588,4
,,,0.059,4
,,,0.0592,4
,,,0.0594,4.4
,,,0.0596,4.8
,,,0.0598,5.2
,,,0.06,6
,,,0.0602,6.4
,,,0.0604,6.8
,,,0.0606,6.8
,,,0.0608,6.8
,,,0.061,7.2
,,,0.0612,6.8
,,,0.0614,6.4
,,,0.0616,5.6
,,,0.0618,5.2
,,,0.062,5.2
,,,0.0622,5.2
,,,0.0624,5.6
,,,0.0626,6
,,,0.0628,6.4
,,,0.063,7.2
,,,0.0632,7.6
,,,0.0634,8.4
,,,0.0636,8.8
,,,0.0638,8.8
,,,0.064,8.4
,,,0.0642,8.4
,,,0.0644,8
,,,0.0646,8
,,,0.0648,8
,,,0.065,8.4
,,,0.0652,9.2
,,,0.0654,10
,,,0.0656,10.8
,,,0.0658,11.2
,,,0.066,12
,,,0.0662,12
,,,0.0664,12.4
,,,0.0666,12.4
,,,0.0668,12.4
,,,0.067,12.8
,,,0.0672,13.2
,,,0.0674,13.6
,,,0.0676,14.4
,,,0.0678,15.2
,,,0.068,16
,,,0.0682,16.8
,,,0.0684,17.2
,,,0.0686,17.2
,,,0.0688,17.6
,,,0.069,18
,,,0.0692,18
,,,0.0694,18.4
,,,0.0696,19.2
,,,0.0698,20
,,,0.07,20.4
,,,0.0702,21.2
,,,0.0704,21.6
,,,0.0706,21.6
,,,0.0708,21.6
,,,0.071,21.6
,,,0.0712,21.2
,,,0.0714,21.2
,,,0.0716,20.8
,,,0.0718,20.8
,,,0.072,20.8
,,,0.0722,20.4
,,,0.0724,20
,,,0.0726,19.2
,,,0.0728,18
,,,0.073,16.8
,,,0.0732,15.6
,,,0.0734,14.4
,,,0.0736,13.2
,,,0.0738,12
,,,0.074,10.8
,,,0.0742,9.6
,,,0.0744,8.4
,,,0.0746,7.6
,,,0.0748,7.2
,,,0.075,7.2
,,,0.0752,7.6
,,,0.0754,8
,,,0.0756,8.4
,,,0.0758,9.2
,,,0.076,9.6
,,,0.0762,10.4
,,,0.0764,11.2
,,,0.0766,12
,,,0.0768,12.4
,,,0.077,12.4
,,,0.0772,12.4
,,,0.0774,12
,,,0.0776,11.2
,,,0.0778,10.8
,,,0.078,9.6
,,,0.0782,8.8
,,,0.0784,7.6
,,,0.0786,6.8
,,,0.0788,6.4
,,,0.079,6.8
,,,0.0792,7.2
,,,0.0794,8
,,,0.0796,8.8
,,,0.0798,9.6
,,,0.08,10.4
,,,0.0802,10.8
,,,0.0804,11.2
,,,0.0806,11.6
,,,0.0808,11.6
,,,0.081,11.2
,,,0.0812,10.8
,,,0.0814,10.4
,,,0.0816,10
,,,0.0818,10
,,,0.082,10
,,,0.0822,10.4
,,,0.0824,11.2
,,,0.0826,12
,,,0.0828,12.8
,,,0.083,13.6
,,,0.0832,14.4
,,,0.0834,14.8
,,,0.0836,14.8
,,,0.0838,14.8
,,,0.084,14.8
,,,0.0842,14.8
,,,0.0844,15.2
,,,0.0846,15.6
,,,0.0848,16
,,,0.085,16.8
,,,0.0852,18
,,,0.0854,18.8
,,,0.0856,20
,,,0.0858,20.4
,,,0.086,21.2
,,,0.0862,21.6
,,,0.0864,21.6
,,,0.0866,22.4
,,,0.0868,22.8
,,,0.087,23.6
,,,0.0872,24.4
,,,0.0874,25.2
,,,0.0876,26.4
,,,0.0878,27.6
,,,0.088,28.4
,,,0.0882,29.2
,,,0.0884,30
,,,0.0886,30.4
,,,0.0888,30.8
,,,0.089,31.6
,,,0.0892,32
,,,0.0894,32.8
,,,0.0896,33.6
,,,0.0898,34.4
,,,0.09,35.2
,,,0.0902,36
,,,0.0904,36
,,,0.0906,36.4
,,,0.0908,36.4
,,,0.091,36
,,,0.0912,36
,,,0.0914,35.6
,,,0.0916,35.6
,,,0.0918,35.6
,,,0.092,34.8
,,,0.0922,34.4
,,,0.0924,33.2
,,,0.0926,31.6
,,,0.0928,30.4
,,,0.093,28.8
,,,0.0932,27.2
,,,0.0934,25.2
,,,0.0936,23.6
,,,0.0938,21.6
,,,0.094,19.2
,,,0.0942,16.4
,,,0.0944,14
,,,0.0946,11.6
,,,0.0948,10.4
,,,0.095,9.6
,,,0.0952,9.6
,,,0.0954,9.6
,,,0.0956,10.4
,,,0.0958,11.2
,,,0.096,12.4
,,,0.0962,13.6
,,,0.0964,14.8
,,,0.0966,15.6
,,,0.0968,16.4
,,,0.097,16.8
,,,0.0972,16.8
,,,0.0974,16.8
,,,0.0976,16.8
,,,0.0978,16
,,,0.098,15.2
,,,0.0982,14
,,,0.0984,13.2
,,,0.0986,11.6
,,,0.0988,11.2
,,,0.099,10.8
,,,0.0992,11.2
,,,0.0994,11.6
,,,0.0996,12
,,,0.0998,13.2
,,,0.1,14
,,,0.1002,14.8
,,,0.1004,15.2
,,,0.1006,16
,,,0.1008,16
,,,0.101,16
,,,0.1012,15.6
,,,0.1014,15.2
,,,0.1016,15.2
,,,0.1018,14.8
,,,0.102,14.8
,,,0.1022,15.2
,,,0.1024,15.6
,,,0.1026,16.4
,,,0.1028,17.2
,,,0.103,18
,,,0.1032,19.2
,,,0.1034,19.6
,,,0.1036,20
,,,0.1038,20.4
,,,0.104,20.8
,,,0.1042,20.8
,,,0.1044,20.8
,,,0.1046,21.6
,,,0.1048,22
,,,0.105,22.8
,,,0.1052,24
,,,0.1054,24.8
,,,0.1056,26
,,,0.1058,26.8
,,,0.106,27.6
,,,0.1062,28.4
,,,0.1064,28.8
,,,0.1066,29.6
,,,0.1068,30.4
,,,0.107,31.2
,,,0.1072,32
,,,0.1074,32.8
,,,0.1076,34.4
,,,0.1078,35.6
,,,0.108,36.4
,,,0.1082,37.6
,,,0.1084,38.8
,,,0.1086,39.2
,,,0.1088,40
,,,0.109,41.2
,,,0.1092,42
,,,0.1094,42.8
,,,0.1096,44
,,,0.1098,44.8
,,,0.11,45.6
,,,0.1102,46.4
,,,0.1104,47.2
,,,0.1106,47.2
,,,0.1108,47.6
,,,0.111,48
,,,0.1112,47.6
,,,0.1114,47.6
,,,0.1116,47.6
,,,0.1118,47.2
,,,0.112,46.4
,,,0.1122,46
,,,0.1124,44.8
,,,0.1126,43.6
,,,0.1128,42
,,,0.113,40.4
,,,0.1132,38.4
,,,0.1134,36.4
,,,0.1136,34
,,,0.1138,31.6
,,,0.114,28.8
,,,0.1142,26
,,,0.1144,23.2
,,,0.1146,20.4
,,,0.1148,17.6
,,,0.115,16
,,,0.1152,14.8
,,,0.1154,14.4
,,,0.1156,14.4
,,,0.1158,15.2
,,,0.116,16.4
,,,0.1162,17.2
,,,0.1164,18.4
,,,0.1166,20
,,,0.1168,20.8
,,,0.117,21.6
,,,0.1172,22
,,,0.1174,22
,,,0.1176,22
,,,0.1178,21.2
,,,0.118,20.4
,,,0.1182,18.8
,,,0.1184,16.8
,,,0.1186,14.8
,,,0.1188,12.8
,,,0.119,11.2
,,,0.1192,10.8
,,,0.1194,11.2
,,,0.1196,12
,,,0.1198,12.8
,,,0.12,14
,,,0.1202,15.2
,,,0.1204,16.4
,,,0.1206,17.2
,,,0.1208,18
,,,0.121,18
,,,0.1212,17.6
,,,0.1214,17.2
,,,0.1216,16
,,,0.1218,15.2
,,,0.122,14.4
,,,0.1222,14
,,,0.1224,14.4
,,,0.1226,14.8
,,,0.1228,16
,,,0.123,17.2
,,,0.1232,18.4
,,,0.1234,19.2
,,,0.1236,20
,,,0.1238,20.4
,,,0.124,20.4
,,,0.1242,20.4
,,,0.1244,20
,,,0.1246,20
,,,0.1248,20
,,,0.125,20.4
,,,0.1252,21.2
,,,0.1254,22.4
,,,0.1256,23.6
,,,0.1258,24.8
,,,0.126,26
,,,0.1262,26.4
,,,0.1264,27.2
,,,0.1266,27.2
,,,0.1268,27.6
,,,0.127,28
,,,0.1272,28.8
,,,0.1274,29.2
,,,0.1276,30.8
,,,0.1278,31.6
,,,0.128,32.8
,,,0.1282,34
,,,0.1284,35.2
,,,0.1286,35.6
,,,0.1288,36.4
,,,0.129,36.8
,,,0.1292,37.2
,,,0.1294,37.6
,,,0.1296,38.4
,,,0.1298,39.2
,,,0.13,40
,,,0.1302,40.8
,,,0.1304,41.2
,,,0.1306,41.6
,,,0.1308,41.6
,,,0.131,41.2
,,,0.1312,40.8
,,,0.1314,40.4
,,,0.1316,40
,,,0.1318,39.6
,,,0.132,39.2
,,,0.1322,38.8
,,,0.1324,37.6
,,,0.1326,36.4
,,,0.1328,34.4
,,,0.133,32.8
,,,0.1332,30.8
,,,0.1334,28.8
,,,0.1336,26.8
,,,0.1338,24.8
,,,0.134,22.4
,,,0.1342,20.4
,,,0.1344,18.4
,,,0.1346,16.8
,,,0.1348,15.6
,,,0.135,14.8
,,,0.1352,14.8
,,,0.1354,14.4
,,,0.1356,14.8
,,,0.1358,15.6
,,,0.136,16.4
,,,0.1362,16.8
,,,0.1364,18
,,,0.1366,18.4
,,,0.1368,19.2
,,,0.137,19.2
,,,0.1372,19.2
,,,0.1374,18.8
,,,0.1376,18
,,,0.1378,16.8
,,,0.138,15.2
,,,0.1382,13.6
,,,0.1384,11.6
,,,0.1386,10
,,,0.1388,9.2
,,,0.139,8.8
,,,0.1392,9.2
,,,0.1394,10
,,,0.1396,10.8
,,,0.1398,11.6
,,,0.14,12.8
,,,0.1402,13.6
,,,0.1404,14
,,,0.1406,14.4
,,,0.1408,14
,,,0.141,13.6
,,,0.1412,12.4
,,,0.1414,11.2
,,,0.1416,10.4
,,,0.1418,9.6
,,,0.142,9.2
,,,0.1422,9.6
,,,0.1424,10.4
,,,0.1426,11.2
,,,0.1428,12.4
,,,0.143,13.2
,,,0.1432,14
,,,0.1434,14.4
,,,0.1436,14.4
,,,0.1438,14.4
,,,0.144,13.6
,,,0.1442,13.2
,,,0.1444,12.8
,,,0.1446,13.2
,,,0.1448,13.6
,,,0.145,14.4
,,,0.1452,15.2
,,,0.1454,16.4
,,,0.1456,17.2
,,,0.1458,18
,,,0.146,18.4
,,,0.1462,18.4
,,,0.1464,18.4
,,,0.1466,18.4
,,,0.1468,18.4
,,,0.147,19.2
,,,0.1472,20
,,,0.1474,20.8
,,,0.1476,21.6
,,,0.1478,22.8
,,,0.148,23.6
,,,0.1482,24
,,,0.1484,24.4
,,,0.1486,24.4
,,,0.1488,24.4
,,,0.149,24.8
,,,0.1492,25.2
,,,0.1494,26
,,,0.1496,26.8
,,,0.1498,27.2
,,,0.15,28
,,,0.1502,28.4
,,,0.1504,28.4
,,,0.1506,28.4
,,,0.1508,28
,,,0.151,27.6
,,,0.1512,27.2
,,,0.1514,27.2
,,,0.1516,27.2
,,,0.1518,26.8
,,,0.152,26.4
,,,0.1522,25.6
,,,0.1524,24.8
,,,0.1526,23.6
,,,0.1528,22.4
,,,0.153,21.2
,,,0.1532,20
,,,0.1534,18.4
,,,0.1536,16.8
,,,0.1538,15.6
,,,0.154,14.4
,,,0.1542,13.2
,,,0.1544,12
,,,0.1546,11.2
,,,0.1548,10.8
,,,0.155,10.4
,,,0.1552,10.4
,,,0.1554,10.4
,,,0.1556,10.8
,,,0.1558,11.2
,,,0.156,12
,,,0.1562,12.4
,,,0.1564,13.2
,,,0.1566,13.6
,,,0.1568,13.6
,,,0.157,13.2
,,,0.1572,13.2
,,,0.1574,12.4
,,,0.1576,11.6
,,,0.1578,10.8
,,,0.158,9.6
,,,0.1582,8.4
,,,0.1584,7.2
,,,0.1586,6.4
,,,0.1588,6.4
,,,0.159,6.4
,,,0.1592,6.8
,,,0.1594,7.6
,,,0.1596,8.4
,,,0.1598,8.8
,,,0.16,9.6
,,,0.1602,10
,,,0.1604,10.4
,,,0.1606,10
,,,0.1608,10
,,,0.161,9.2
,,,0.1612,8.4
,,,0.1614,7.2
,,,0.1616,6.8
,,,0.1618,6.8
,,,0.162,6.8
,,,0.1622,7.2
,,,0.1624,8
,,,0.1626,8.8
,,,0.1628,9.6
,,,0.163,10
,,,0.1632,10.4
,,,0.1634,10.4
,,,0.1636,10.4
,,,0.1638,10
,,,0.164,9.6
,,,0.1642,9.2
,,,0.1644,9.2
,,,0.1646,9.6
,,,0.1648,10
,,,0.165,10.8
,,,0.1652,11.6
,,,0.1654,12.4
,,,0.1656,12.8
,,,0.1658,13.2
,,,0.166,13.2
,,,0.1662,13.2
,,,0.1664,13.2
,,,0.1666,13.2
,,,0.1668,13.6
,,,0.167,14
,,,0.1672,14.8
,,,0.1674,15.2
,,,0.1676,16
,,,0.1678,16.8
,,,0.168,17.2
,,,0.1682,17.2
,,,0.1684,17.2
,,,0.1686,17.6
,,,0.1688,17.6
,,,0.169,17.6
,,,0.1692,18
,,,0.1694,18.8
,,,0.1696,19.2
,,,0.1698,19.6
,,,0.17,19.6
,,,0.1702,20
,,,0.1704,19.6
,,,0.1706,19.6
,,,0.1708,19.2
,,,0.171,18.8
,,,0.1712,18.4
,,,0.1714,18.4
,,,0.1716,18
,,,0.1718,17.6
,,,0.172,17.2
,,,0.1722,16.4
,,,0.1724,15.6
,,,0.1726,14.8
,,,0.1728,13.6
,,,0.173,12.8
,,,0.1732,11.6
,,,0.1734,10.8
,,,0.1736,9.6
,,,0.1738,8.8
,,,0.174,8
,,,0.1742,7.2
,,,0.1744,6.8
,,,0.1746,6.8
,,,0.1748,6.8
,,,0.175,6.8
,,,0.1752,7.2
,,,0.1754,7.2
,,,0.1756,7.6
,,,0.1758,8
,,,0.176,8.4
,,,0.1762,8.8
,,,0.1764,9.2
,,,0.1766,9.2
,,,0.1768,9.2
,,,0.177,8.8
,,,0.1772,8
,,,0.1774,7.2
,,,0.1776,6.8
,,,0.1778,6
,,,0.178,4.8
,,,0.1782,4
,,,0.1784,4
,,,0.1786,4
,,,0.1788,4.4
,,,0.179,5.2
,,,0.1792,5.6
,,,0.1794,6
,,,0.1796,6.4
,,,0.1798,6.8
,,,0.18,6.8
,,,0.1802,6.8
,,,0.1804,6.8
,,,0.1806,6.4
,,,0.1808,6
,,,0.181,5.6
,,,0.1812,4.8
,,,0.1814,4.8
,,,0.1816,4.8
,,,0.1818,5.2
,,,0.182,5.6
,,,0.1822,6
,,,0.1824,6.4
,,,0.1826,6.8
,,,0.1828,7.2
,,,0.183,7.2
,,,0.1832,7.2
,,,0.1834,7.2
,,,0.1836,6.8
,,,0.1838,6.8
,,,0.184,6.8
,,,0.1842,6.8
,,,0.1844,7.2
,,,0.1846,7.6
,,,0.1848,8
,,,0.185,8.4
,,,0.1852,8.8
,,,0.1854,9.2
,,,0.1856,9.2
,,,0.1858,9.2
,,,0.186,9.2
,,,0.1862,9.2
,,,0.1864,9.6
,,,0.1866,9.6
,,,0.1868,10
,,,0.187,10.4
,,,0.1872,10.8
,,,0.1874,11.2
,,,0.1876,11.6
,,,0.1878,12
,,,0.188,12
,,,0.1882,12
,,,0.1884,12
,,,0.1886,12
,,,0.1888,12.4
,,,0.189,12.4
,,,0.1892,12.8
,,,0.1894,12.8
,,,0.1896,13.2
,,,0.1898,13.2
,,,0.19,13.2
,,,0.1902,12.8
,,,0.1904,12.8
,,,0.1906,12.4
,,,0.1908,12.4
,,,0.191,12
,,,0.1912,11.6
,,,0.1914,11.6
,,,0.1916,11.2
,,,0.1918,10.8
,,,0.192,10
,,,0.1922,9.6
,,,0.1924,8.8
,,,0.1926,8
,,,0.1928,7.2
,,,0.193,6.4
,,,0.1932,6
,,,0.1934,5.2
,,,0.1936,4.4
,,,0.1938,4
,,,0.194,3.6
,,,0.1942,3.6
,,,0.1944,3.6
,,,0.1946,3.6
,,,0.1948,4
,,,0.195,4
,,,0.1952,4.4
,,,0.1954,4.8
,,,0.1956,5.2
,,,0.1958,5.2
,,,0.196,5.6
,,,0.1962,5.6
,,,0.1964,5.6
,,,0.1966,5.2
,,,0.1968,5.2
,,,0.197,4.8
,,,0.1972,4.4
,,,0.1974,3.6
,,,0.1976,3.2
,,,0.1978,2.8
,,,0.198,2.8
,,,0.1982,2.8
,,,0.1984,2.8
,,,0.1986,3.2
,,,0.1988,3.6
,,,0.199,3.6
,,,0.1992,4
,,,0.1994,4
,,,0.1996,4.4
,,,0.1998,4.4
,,,0.2,4.4
,,,0.2002,4.4
,,,0.2004,4
,,,0.2006,4
,,,0.2008,3.6
,,,0.201,3.6
,,,0.2012,3.6
,,,0.2014,3.6
,,,0.2016,4
,,,0.2018,4.4
,,,0.202,4.4
,,,0.2022,4.8
,,,0.2024,4.8
,,,0.2026,5.2
,,,0.2028,5.2
,,,0.203,5.2
,,,0.2032,4.8
,,,0.2034,4.8
,,,0.2036,4.8
,,,0.2038,5.2
,,,0.204,5.2
,,,0.2042,5.2
,,,0.2044,5.6
,,,0.2046,6
,,,0.2048,6
,,,0.205,6
,,,0.2052,6.4
,,,0.2054,6.4
,,,0.2056,6.4
,,,0.2058,6.4
,,,0.206,6.4
,,,0.2062,6.4
,,,0.2064,6.8
,,,0.2066,6.8
,,,0.2068,6.8
,,,0.207,7.2
,,,0.2072,7.2
,,,0.2074,7.2
,,,0.2076,7.2
,,,0.2078,7.2
,,,0.208,7.2
,,,0.2082,7.2
,,,0.2084,7.2
,,,0.2086,7.6
,,,0.2088,7.6
,,,0.209,7.6
,,,0.2092,7.6
,,,0.2094,7.6
,,,0.2096,7.6
,,,0.2098,7.2
,,,0.21,7.2
,,,0.2102,7.2
,,,0.2104,6.8
,,,0.2106,6.8
,,,0.2108,6.8
,,,0.211,6.4
,,,0.2112,6
,,,0.2114,6
,,,0.2116,5.6
,,,0.2118,5.2
,,,0.212,4.8
,,,0.2122,4.8
,,,0.2124,4
,,,0.2126,3.6
,,,0.2128,3.6
,,,0.213,3.2
,,,0.2132,2.8
,,,0.2134,2.8
,,,0.2136,2.4
,,,0.2138,2.4
,,,0.214,2.4
,,,0.2142,2.4
,,,0.2144,2.4
,,,0.2146,2.4
,,,0.2148,2.4
,,,0.215,2.8
,,,0.2152,2.8
,,,0.2154,2.8
,,,0.2156,2.8
,,,0.2158,2.8
,,,0.216,2.8
,,,0.2162,2.8
,,,0.2164,2.8
,,,0.2166,2.8
,,,0.2168,2.8
,,,0.217,2.8
,,,0.2172,2.4
,,,0.2174,2.4
,,,0.2176,2.4
,,,0.2178,2.4
,,,0.218,2.4
,,,0.2182,2.4
,,,0.2184,2.4
,,,0.2186,2.4
,,,0.2188,2.4
,,,0.219,2.8
,,,0.2192,2.8
,,,0.2194,2.8
,,,0.2196,2.8
,,,0.2198,2.8
,,,0.22,2.8
,,,0.2202,2.8
,,,0.2204,2.8
,,,0.2206,2.8
,,,0.2208,2.8
,,,0.221,2.8
,,,0.2212,2.8
,,,0.2214,2.8
,,,0.2216,2.8
,,,0.2218,2.8
,,,0.222,2.8
,,,0.2222,2.8
,,,0.2224,2.8
,,,0.2226,2.8
,,,0.2228,2.8
,,,0.223,2.8
,,,0.2232,2.8
,,,0.2234,3.2
,,,0.2236,3.2
,,,0.2238,3.2
,,,0.224,3.2
,,,0.2242,3.2
,,,0.2244,3.2
,,,0.2246,3.2
,,,0.2248,3.2
,,,0.225,3.2
,,,0.2252,3.2
,,,0.2254,3.6
,,,0.2256,3.6
,,,0.2258,3.6
,,,0.226,3.6
,,,0.2262,3.6
,,,0.2264,3.6
,,,0.2266,3.6
,,,0.2268,3.6
,,,0.227,3.6
,,,0.2272,4
,,,0.2274,4
,,,0.2276,4
,,,0.2278,4
,,,0.228,4
,,,0.2282,4
,,,0.2284,4
,,,0.2286,4
,,,0.2288,4
,,,0.229,4
,,,0.2292,4.4
,,,0.2294,4.4
,,,0.2296,4.4
,,,0.2298,4.4
,,,0.23,4.4
,,,0.2302,4.4
,,,0.2304,4.4
,,,0.2306,4.4
,,,0.2308,4.4
,,,0.231,4.4
,,,0.2312,4.4
,,,0.2314,4
,,,0.2316,4
,,,0.2318,4
,,,0.232,4
,,,0.2322,4
,,,0.2324,4
,,,0.2326,3.6
,,,0.2328,3.6
,,,0.233,3.6
,,,0.2332,3.6
,,,0.2334,3.2
,,,0.2336,3.2
,,,0.2338,3.2
,,,0.234,2.8
,,,0.2342,2.8
,,,0.2344,2.8
,,,0.2346,2.4
,,,0.2348,2.4
,,,0.235,2.4
,,,0.2352,2
,,,0.2354,2
,,,0.2356,2
,,,0.2358,2
,,,0.236,1.6
,,,0.2362,1.6
,,,0.2364,1.6
,,,0.2366,1.6
,,,0.2368,1.6
,,,0.237,1.6
,,,0.2372,1.6
,,,0.2374,1.6
,,,0.2376,1.6
,,,0.2378,1.6
,,,0.238,1.6
,,,0.2382,1.6
,,,0.2384,1.6
,,,0.2386,1.6
,,,0.2388,1.6
,,,0.239,1.6
,,,0.2392,1.6
,,,0.2394,1.6
,,,0.2396,1.6
,,,0.2398,1.6
,,,0.24,1.6
,,,0.2402,1.6
,,,0.2404,1.6
,,,0.2406,1.6
,,,0.2408,1.6
,,,0.241,1.6
,,,0.2412,1.6
,,,0.2414,1.6
,,,0.2416,1.6
,,,0.2418,1.6
,,,0.242,1.6
,,,0.2422,1.6
,,,0.2424,1.6
,,,0.2426,1.6
,,,0.2428,2
,,,0.243,2
,,,0.2432,2
,,,0.2434,2
,,,0.2436,2
,,,0.2438,2
,,,0.244,2
,,,0.2442,2
,,,0.2444,2
,,,0.2446,2
,,,0.2448,2
,,,0.245,2
,,,0.2452,2
,,,0.2454,2.4
,,,0.2456,2.4
,,,0.2458,2.4
,,,0.246,2.4
,,,0.2462,2.4
,,,0.2464,2.4
,,,0.2466,2.8
,,,0.2468,2.8
,,,0.247,2.8
,,,0.2472,2.8
,,,0.2474,2.8
,,,0.2476,2.8
,,,0.2478,3.2
,,,0.248,3.2
,,,0.2482,3.2
,,,0.2484,3.2
,,,0.2486,3.2
,,,0.2488,3.2
,,,0.249,3.6
,,,0.2492,3.6
,,,0.2494,3.6
,,,0.2496,3.6
,,,0.2498,3.6
,,,0.25,3.6
,,,0.2502,4
,,,0.2504,4
,,,0.2506,4
,,,0.2508,4
,,,0.251,4
,,,0.2512,4
,,,0.2514,4
,,,0.2516,4
,,,0.2518,4
,,,0.252,4
,,,0.2522,4
,,,0.2524,4
,,,0.2526,4
,,,0.2528,4
,,,0.253,3.6
,,,0.2532,3.6
,,,0.2534,3.6
,,,0.2536,3.2
,,,0.2538,3.2
,,,0.254,3.2
,,,0.2542,2.8
,,,0.2544,2.8
,,,0.2546,2.4
,,,0.2548,2.4
,,,0.255,2
,,,0.2552,2
,,,0.2554,1.6
,,,0.2556,1.2
,,,0.2558,1.2
,,,0.256,1.2
,,,0.2562,0.8
,,,0.2564,0.8
,,,0.2566,1.2
,,,0.2568,1.2
,,,0.257,1.2
,,,0.2572,1.2
,,,0.2574,1.2
,,,0.2576,1.2
,,,0.2578,1.2
,,,0.258,1.6
,,,0.2582,1.6
,,,0.2584,1.6
,,,0.2586,1.6
,,,0.2588,1.2
,,,0.259,1.2
,,,0.2592,1.2
,,,0.2594,1.2
,,,0.2596,1.2
,,,0.2598,1.2
,,,0.26,1.2
,,,0.2602,1.2
,,,0.2604,1.2
,,,0.2606,1.2
,,,0.2608,1.2
,,,0.261,1.2
,,,0.2612,1.2
,,,0.2614,1.2
,,,0.2616,1.2
,,,0.2618,1.2
,,,0.262,1.2
,,,0.2622,1.2
,,,0.2624,1.6
,,,0.2626,1.6
,,,0.2628,1.2
,,,0.263,1.6
,,,0.2632,1.6
,,,0.2634,1.2
,,,0.2636,1.6
,,,0.2638,1.6
,,,0.264,1.6
,,,0.2642,1.6
,,,0.2644,1.6
,,,0.2646,1.6
,,,0.2648,1.6
,,,0.265,2
,,,0.2652,2
,,,0.2654,2
,,,0.2656,2
,,,0.2658,2
,,,0.266,2
,,,0.2662,2
,,,0.2664,2
,,,0.2666,2.4
,,,0.2668,2.4
,,,0.267,2.4
,,,0.2672,2.4
,,,0.2674,2.4
,,,0.2676,2.4
,,,0.2678,2.8
,,,0.268,2.8
,,,0.2682,2.8
,,,0.2684,2.8
,,,0.2686,2.8
,,,0.2688,3.2
,,,0.269,3.2
,,,0.2692,3.2
,,,0.2694,3.2
,,,0.2696,3.2
,,,0.2698,3.2
,,,0.27,3.6
,,,0.2702,3.6
,,,0.2704,3.6
,,,0.2706,3.6
,,,0.2708,3.6
,,,0.271,3.6
,,,0.2712,3.6
,,,0.2714,3.6
,,,0.2716,3.6
,,,0.2718,3.6
,,,0.272,3.6
,,,0.2722,3.6
,,,0.2724,3.6
,,,0.2726,3.6
,,,0.2728,3.6
,,,0.273,3.6
,,,0.2732,3.2
,,,0.2734,3.2
,,,0.2736,3.2
,,,0.2738,2.8
,,,0.274,2.8
,,,0.2742,2.4
,,,0.2744,2.4
,,,0.2746,2
,,,0.2748,2
,,,0.275,1.6
,,,0.2752,1.6
,,,0.2754,1.2
,,,0.2756,1.2
,,,0.2758,1.2
,,,0.276,1.2
,,,0.2762,1.2
,,,0.2764,1.2
,,,0.2766,1.2
,,,0.2768,1.2
,,,0.277,1.2
,,,0.2772,1.6
,,,0.2774,1.6
,,,0.2776,1.6
,,,0.2778,1.6
,,,0.278,1.6
,,,0.2782,1.6
,,,0.2784,1.6
,,,0.2786,1.6
,,,0.2788,1.2
,,,0.279,1.2
,,,0.2792,1.2
,,,0.2794,0.8
,,,0.2796,0.8
,,,0.2798,0.8
,,,0.28,0.8
,,,0.2802,0.8
,,,0.2804,0.8
,,,0.2806,0.8
,,,0.2808,1.2
,,,0.281,1.2
,,,0.2812,1.2
,,,0.2814,1.2
,,,0.2816,1.2
,,,0.2818,1.2
,,,0.282,1.2
,,,0.2822,1.2
,,,0.2824,1.2
,,,0.2826,0.8
,,,0.2828,0.8
,,,0.283,0.8
,,,0.2832,0.8
,,,0.2834,1.2
,,,0.2836,1.2
,,,0.2838,1.2
,,,0.284,1.2
,,,0.2842,1.2
,,,0.2844,1.6
,,,0.2846,1.6
,,,0.2848,1.2
,,,0.285,1.2
,,,0.2852,1.2
,,,0.2854,1.2
,,,0.2856,1.6
,,,0.2858,1.6
,,,0.286,1.6
,,,0.2862,1.6
,,,0.2864,1.6
,,,0.2866,2
,,,0.2868,2
,,,0.287,2
,,,0.2872,2
,,,0.2874,2
,,,0.2876,2
,,,0.2878,2
,,,0.288,2
,,,0.2882,2.4
,,,0.2884,2.4
,,,0.2886,2.4
,,,0.2888,2.4
,,,0.289,2.4
,,,0.2892,2.4
,,,0.2894,2.8
,,,0.2896,2.8
,,,0.2898,2.8
,,,0.29,2.8
,,,0.2902,2.8
,,,0.2904,2.8
,,,0.2906,2.8
,,,0.2908,3.2
,,,0.291,3.2
,,,0.2912,3.2
,,,0.2914,3.2
,,,0.2916,3.2
,,,0.2918,3.2
,,,0.292,3.2
,,,0.2922,3.2
,,,0.2924,3.2
,,,0.2926,2.8
,,,0.2928,2.8
,,,0.293,2.8
,,,0.2932,2.8
,,,0.2934,2.4
,,,0.2936,2.4
,,,0.2938,2.4
,,,0.294,2
,,,0.2942,2
,,,0.2944,1.6
,,,0.2946,1.6
,,,0.2948,1.6
,,,0.295,1.2
,,,0.2952,1.2
,,,0.2954,1.2
,,,0.2956,1.2
,,,0.2958,1.2
,,,0.296,1.2
,,,0.2962,1.2
,,,0.2964,1.2
,,,0.2966,1.2
,,,0.2968,1.2
,,,0.297,1.6
,,,0.2972,1.6
,,,0.2974,1.6
,,,0.2976,1.6
,,,0.2978,1.6
,,,0.298,1.6
,,,0.2982,1.2
,,,0.2984,1.2
,,,0.2986,1.2
,,,0.2988,1.2
,,,0.299,0.8
,,,0.2992,0.8
,,,0.2994,0.4
,,,0.2996,0.4
,,,0.2998,0.4
,,,0.3,0.8
,,,0.3002,0.8
,,,0.3004,0.8
,,,0.3006,1.2
,,,0.3008,1.2
,,,0.301,1.2
,,,0.3012,1.2
,,,0.3014,1.2
,,,0.3016,1.2
,,,0.3018,0.8
,,,0.302,0.8
,,,0.3022,0.8
,,,0.3024,0.4
,,,0.3026,0.4
,,,0.3028,0.8
,,,0.303,0.8
,,,0.3032,0.8
,,,0.3034,1.2
,,,0.3036,1.2
,,,0.3038,1.2
,,,0.304,1.2
,,,0.3042,1.2
,,,0.3044,1.2
,,,0.3046,1.2
,,,0.3048,0.8
,,,0.305,1.2
,,,0.3052,0.8
,,,0.3054,1.2
,,,0.3056,1.2
,,,0.3058,1.2
,,,0.306,1.2
,,,0.3062,1.6
,,,0.3064,1.6
,,,0.3066,1.6
,,,0.3068,1.6
,,,0.307,1.6
,,,0.3072,1.6
,,,0.3074,1.6
,,,0.3076,1.6
,,,0.3078,1.6
,,,0.308,1.6
,,,0.3082,1.6
,,,0.3084,2
,,,0.3086,2
,,,0.3088,2
,,,0.309,2
,,,0.3092,2
,,,0.3094,2
,,,0.3096,2
,,,0.3098,2
,,,0.31,2
,,,0.3102,2.4
,,,0.3104,2.4
,,,0.3106,2.4
,,,0.3108,2.4
,,,0.311,2.4
,,,0.3112,2.4
,,,0.3114,2.4
,,,0.3116,2.4
,,,0.3118,2.4
,,,0.312,2.4
,,,0.3122,2.4
,,,0.3124,2.4
,,,0.3126,2.4
,,,0.3128,2.4
,,,0.313,2
,,,0.3132,2
,,,0.3134,2
,,,0.3136,2
,,,0.3138,1.6
,,,0.314,1.6
,,,0.3142,1.6
,,,0.3144,1.6
,,,0.3146,1.2
,,,0.3148,1.2
,,,0.315,1.2
,,,0.3152,1.2
,,,0.3154,1.2
,,,0.3156,0.8
,,,0.3158,0.8
,,,0.316,0.8
,,,0.3162,0.8
,,,0.3164,1.2
,,,0.3166,1.2
,,,0.3168,1.2
,,,0.317,1.2
,,,0.3172,1.2
,,,0.3174,1.2
,,,0.3176,1.2
,,,0.3178,1.2
,,,0.318,1.2
,,,0.3182,1.2
,,,0.3184,0.8
,,,0.3186,0.8
,,,0.3188,0.8
,,,0.319,0.4
,,,0.3192,0.4
,,,0.3194,0.4
,,,0.3196,0.4
,,,0.3198,0.4
,,,0.32,0.4
,,,0.3202,0.8
,,,0.3204,0.8
,,,0.3206,0.8
,,,0.3208,0.8
,,,0.321,0.8
,,,0.3212,0.8
,,,0.3214,0.8
,,,0.3216,0.4
,,,0.3218,0.4
,,,0.322,0.4
,,,0.3222,0.4
,,,0.3224,0.4
,,,0.3226,0.4
,,,0.3228,0.4
,,,0.323,0.4
,,,0.3232,0.8
,,,0.3234,0.8
,,,0.3236,0.8
,,,0.3238,0.8
,,,0.324,0.8
,,,0.3242,0.8
,,,0.3244,0.8
,,,0.3246,0.8
,,,0.3248,0.4
,,,0.325,0.4
,,,0.3252,0.8
,,,0.3254,0.8
,,,0.3256,0.8
,,,0.3258,0.8
,,,0.326,1.2
,,,0.3262,1.2
,,,0.3264,1.2
,,,0.3266,1.2
,,,0.3268,1.2
,,,0.327,1.2
,,,0.3272,1.2
,,,0.3274,1.2
,,,0.3276,1.2
,,,0.3278,1.2
,,,0.328,1.2
,,,0.3282,1.2
,,,0.3284,1.2
,,,0.3286,1.2
,,,0.3288,1.2
,,,0.329,1.2
,,,0.3292,1.2
,,,0.3294,1.2
,,,0.3296,1.2
,,,0.3298,1.6
,,,0.33,1.6
,,,0.3302,1.6
,,,0.3304,1.6
,,,0.3306,1.6
,,,0.3308,1.6
,,,0.331,1.6
,,,0.3312,1.6
,,,0.3314,1.6
,,,0.3316,1.6
,,,0.3318,1.6
,,,0.332,1.6
,,,0.3322,1.6
,,,0.3324,1.6
,,,0.3326,1.6
,,,0.3328,1.2
,,,0.333,1.2
,,,0.3332,1.2
,,,0.3334,1.2
,,,0.3336,1.2
,,,0.3338,0.8
,,,0.334,0.8
,,,0.3342,0.8
,,,0.3344,0.8
,,,0.3346,0.8
,,,0.3348,0.4
,,,0.335,0.4
,,,0.3352,0.4
,,,0.3354,0.4
,,,0.3356,0.4
,,,0.3358,0.4
,,,0.336,0.4
,,,0.3362,0.4
,,,0.3364,0.4
,,,0.3366,0.8
,,,0.3368,0.8
,,,0.337,0.8
,,,0.3372,0.8
,,,0.3374,0.8
,,,0.3376,0.8
,,,0.3378,0.4
,,,0.338,0.4
,,,0.3382,0.4
,,,0.3384,0.4
,,,0.3386,0.4
,,,0.3388,0.4
,,,0.339,0.4
,,,0.3392,0.4
,,,0.3394,0.4
,,,0.3396,0.4
,,,0.3398,0.4
,,,0.34,0.4
,,,0.3402,0.4
,,,0.3404,0.4
,,,0.3406,0.4
,,,0.3408,0.4
,,,0.341,0.4
,,,0.3412,0.4
,,,0.3414,0.4
,,,0.3416,0.4
,,,0.3418,0.4
,,,0.342,0
,,,0.3422,0
,,,0.3424,0
,,,0.3426,0.4
,,,0.3428,0.4
,,,0.343,0.4
,,,0.3432,0.4
,,,0.3434,0.4
,,,0.3436,0.4
,,,0.3438,0.4
,,,0.344,0.4
,,,0.3442,0.4
,,,0.3444,0.4
,,,0.3446,0.4
,,,0.3448,0.4
,,,0.345,0.4
,,,0.3452,0.4
,,,0.3454,0.4
,,,0.3456,0.4
,,,0.3458,0.4
,,,0.346,0.4
,,,0.3462,0.4
,,,0.3464,0.4
,,,0.3466,0.4
,,,0.3468,0.4
,,,0.347,0.4
,,,0.3472,0.4
,,,0.3474,0.4
,,,0.3476,0.4
,,,0.3478,0.8
,,,0.348,0.8
,,,0.3482,0.8
,,,0.3484,0.8
,,,0.3486,0.8
,,,0.3488,0.8
,,,0.349,0.8
,,,0.3492,0.8
,,,0.3494,0.8
,,,0.3496,0.8
,,,0.3498,0.8
,,,0.35,0.8
,,,0.3502,0.8
,,,0.3504,0.8
,,,0.3506,1.2
,,,0.3508,0.8
,,,0.351,0.8
,,,0.3512,0.8
,,,0.3514,0.8
,,,0.3516,0.8
,,,0.3518,0.8
,,,0.352,0.8
,,,0.3522,0.8
,,,0.3524,0.8
,,,0.3526,0.8
,,,0.3528,0.8
,,,0.353,0.8
,,,0.3532,0.4
,,,0.3534,0.4
,,,0.3536,0.4
,,,0.3538,0.4
,,,0.354,0.4
,,,0.3542,0.4
,,,0.3544,0.4
,,,0.3546,0.4
,,,0.3548,0.4
,,,0.355,0.4
,,,0.3552,0.4
,,,0.3554,0.4
,,,0.3556,0.4
,,,0.3558,0.4
,,,0.356,0.4
,,,0.3562,0.4
,,,0.3564,0.4
,,,0.3566,0.4
,,,0.3568,0.4
,,,0.357,0.4
,,,0.3572,0.4
,,,0.3574,0.4
,,,0.3576,0.4
,,,0.3578,0.4
,,,0.358,0.4
,,,0.3582,0
,,,0.3584,0
,,,0.3586,0
,,,0.3588,0
,,,0.359,0
,,,0.3592,0
,,,0.3594,0
,,,0.3596,0
,,,0.3598,0
,,,0.36,0
,,,0.3602,0
,,,0.3604,0.4
,,,0.3606,0
,,,0.3608,0
,,,0.361,0
,,,0.3612,0
,,,0.3614,0
,,,0.3616,0
,,,0.3618,0
,,,0.362,0
,,,0.3622,0
,,,0.3624,0
,,,0.3626,0
,,,0.3628,0
,,,0.363,0
,,,0.3632,0
,,,0.3634,0
,,,0.3636,0
,,,0.3638,0
,,,0.364,0
,,,0.3642,0
,,,0.3644,0
,,,0.3646,0
,,,0.3648,0
,,,0.365,0
,,,0.3652,0
,,,0.3654,0.4
,,,0.3656,0.4
,,,0.3658,0.4
,,,0.366,0.4
,,,0.3662,0.4
,,,0.3664,0.4
,,,0.3666,0.4
,,,0.3668,0.4
,,,0.367,0.4
,,,0.3672,0.4
,,,0.3674,0.4
,,,0.3676,0.4
,,,0.3678,0.4
,,,0.368,0.4
,,,0.3682,0.4
,,,0.3684,0.4
,,,0.3686,0.4
,,,0.3688,0.4
,,,0.369,0.4
,,,0.3692,0.4
,,,0.3694,0.4
,,,0.3696,0.4
,,,0.3698,0.4
,,,0.37,0.4
,,,0.3702,0.4
,,,0.3704,0.4
,,,0.3706,0.4
,,,0.3708,0.4
,,,0.371,0.4
,,,0.3712,0.4
,,,0.3714,0.4
,,,0.3716,0.4
,,,0.3718,0.4
,,,0.372,0.4
,,,0.3722,0.4
,,,0.3724,0.4
,,,0.3726,0.4
,,,0.3728,0.4
,,,0.373,0.4
,,,0.3732,0.4
,,,0.3734,0.4
,,,0.3736,0.4
,,,0.3738,0.4
,,,0.374,0.4
,,,0.3742,0.4
,,,0.3744,0.4
,,,0.3746,0.4
,,,0.3748,0
,,,0.375,0
,,,0.3752,0
,,,0.3754,0
,,,0.3756,0
,,,0.3758,0
,,,0.376,0
,,,0.3762,0.4
,,,0.3764,0
,,,0.3766,0.4
,,,0.3768,0.4
,,,0.377,0.4
,,,0.3772,0
,,,0.3774,0
,,,0.3776,0
,,,0.3778,0
,,,0.378,0
,,,0.3782,0
,,,0.3784,0
,,,0.3786,0
,,,0.3788,0
,,,0.379,0
,,,0.3792,0
,,,0.3794,0
,,,0.3796,0
,,,0.3798,0
,,,0.38,0
,,,0.3802,0
,,,0.3804,0
,,,0.3806,0
,,,0.3808,0
,,,0.381,0
,,,0.3812,0
,,,0.3814,0
,,,0.3816,0
,,,0.3818,0
,,,0.382,0
,,,0.3822,0
,,,0.3824,0
,,,0.3826,0
,,,0.3828,0
,,,0.383,0
,,,0.3832,0
,,,0.3834,0
,,,0.3836,0
,,,0.3838,0
,,,0.384,0
,,,0.3842,0
,,,0.3844,0
,,,0.3846,0
,,,0.3848,0
,,,0.385,0
,,,0.3852,0
,,,0.3854,0
,,,0.3856,0
,,,0.3858,0
,,,0.386,0
,,,0.3862,0
,,,0.3864,0
,,,0.3866,0
,,,0.3868,0
,,,0.387,0
,,,0.3872,0
,,,0.3874,0
,,,0.3876,0
,,,0.3878,0
,,,0.388,0
,,,0.3882,0
,,,0.3884,0
,,,0.3886,0
,,,0.3888,0
,,,0.389,0
,,,0.3892,0
,,,0.3894,0
,,,0.3896,0
,,,0.3898,0
,,,0.39,0
,,,0.3902,0
,,,0.3904,0
,,,0.3906,0
,,,0.3908,0
,,,0.391,0
,,,0.3912,0
,,,0.3914,0
,,,0.3916,0
,,,0.3918,0
,,,0.392,0
,,,0.3922,0
,,,0.3924,0
,,,0.3926,0
,,,0.3928,0
,,,0.393,0
,,,0.3932,0
,,,0.3934,0
,,,0.3936,0
,,,0.3938,0
,,,0.394,0
,,,0.3942,0
,,,0.3944,0
,,,0.3946,0
,,,0.3948,0
,,,0.395,0
,,,0.3952,0
,,,0.3954,0
,,,0.3956,0
,,,0.3958,0
,,,0.396,0
,,,0.3962,0
,,,0.3964,0
,,,0.3966,0
,,,0.3968,0
,,,0.397,0
,,,0.3972,0
,,,0.3974,0
,,,0.3976,0
,,,0.3978,0
,,,0.398,0
,,,0.3982,0
,,,0.3984,0
,,,0.3986,0
,,,0.3988,0
,,,0.399,0
,,,0.3992,0
,,,0.3994,0
,,,0.3996,0
,,,0.3998,0
,,,0.4,0
,,,0.4002,0
,,,0.4004,0
,,,0.4006,0
,,,0.4008,0
,,,0.401,0
,,,0.4012,0.4
,,,0.4014,1.2
,,,0.4016,1.2
,,,0.4018,1.6
,,,0.402,1.6
,,,0.4022,1.6
,,,0.4024,1.6
,,,0.4026,1.6
,,,0.4028,1.6
,,,0.403,1.6
,,,0.4032,1.6
,,,0.4034,2
,,,0.4036,2
,,,0.4038,2
,,,0.404,2
,,,0.4042,2
,,,0.4044,2
,,,0.4046,2
,,,0.4048,2
,,,0.405,2
,,,0.4052,2
,,,0.4054,2
,,,0.4056,2.4
,,,0.4058,2
,,,0.406,2
,,,0.4062,2
,,,0.4064,2
,,,0.4066,2
,,,0.4068,2
,,,0.407,2
,,,0.4072,2
,,,0.4074,2.4
,,,0.4076,2.4
,,,0.4078,2.4
,,,0.408,2.4
,,,0.4082,2.4
,,,0.4084,2.4
,,,0.4086,2.4
,,,0.4088,2.8
,,,0.409,2.8
,,,0.4092,2.8
,,,0.4094,3.2
,,,0.4096,3.2
,,,0.4098,3.2
,,,0.41,3.2
,,,0.4102,3.6
,,,0.4104,3.6
,,,0.4106,3.6
,,,0.4108,3.6
,,,0.411,4
,,,0.4112,4
,,,0.4114,4
,,,0.4116,4.4
,,,0.4118,4.4
,,,0.412,4.8
,,,0.4122,4.8
,,,0.4124,4.8
,,,0.4126,4.8
,,,0.4128,4.8
,,,0.413,4.8
,,,0.4132,4.8
,,,0.4134,4.8
,,,0.4136,4.8
,,,0.4138,4.8
,,,0.414,4.8
,,,0.4142,4.8
,,,0.4144,4.8
,,,0.4146,4.8
,,,0.4148,4.4
,,,0.415,4.4
,,,0.4152,4
,,,0.4154,3.6
,,,0.4156,3.6
,,,0.4158,3.2
,,,0.416,2.8
,,,0.4162,2.4
,,,0.4164,2.4
,,,0.4166,2
,,,0.4168,2
,,,0.417,1.6
,,,0.4172,1.6
,,,0.4174,1.6
,,,0.4176,1.6
,,,0.4178,2
,,,0.418,2
,,,0.4182,2.4
,,,0.4184,2.4
,,,0.4186,2.8
,,,0.4188,2.8
,,,0.419,2.8
,,,0.4192,2.8
,,,0.4194,2.8
,,,0.4196,2.8
,,,0.4198,2.8
,,,0.42,2.4
,,,0.4202,2
,,,0.4204,2
,,,0.4206,1.6
,,,0.4208,1.6
,,,0.421,1.2
,,,0.4212,1.2
,,,0.4214,1.6
,,,0.4216,1.6
,,,0.4218,2
,,,0.422,2
,,,0.4222,2.4
,,,0.4224,2.4
,,,0.4226,2.4
,,,0.4228,2.4
,,,0.423,2.4
,,,0.4232,2.4
,,,0.4234,2.4
,,,0.4236,2.4
,,,0.4238,2
,,,0.424,2
,,,0.4242,2
,,,0.4244,2.4
,,,0.4246,2.4
,,,0.4248,2.8
,,,0.425,2.8
,,,0.4252,3.2
,,,0.4254,3.2
,,,0.4256,3.2
,,,0.4258,3.2
,,,0.426,3.2
,,,0.4262,3.2
,,,0.4264,3.2
,,,0.4266,3.2
,,,0.4268,3.6
,,,0.427,3.6
,,,0.4272,4
,,,0.4274,4
,,,0.4276,4.4
,,,0.4278,4.8
,,,0.428,4.8
,,,0.4282,5.2
,,,0.4284,5.2
,,,0.4286,5.2
,,,0.4288,5.2
,,,0.429,5.2
,,,0.4292,5.6
,,,0.4294,6
,,,0.4296,6
,,,0.4298,6.4
,,,0.43,6.8
,,,0.4302,6.8
,,,0.4304,6.8
,,,0.4306,7.2
,,,0.4308,7.2
,,,0.431,7.2
,,,0.4312,7.6
,,,0.4314,7.6
,,,0.4316,8
,,,0.4318,8
,,,0.432,8.4
,,,0.4322,8.4
,,,0.4324,8.8
,,,0.4326,8.8
,,,0.4328,8.8
,,,0.433,8.4
,,,0.4332,8.4
,,,0.4334,8.4
,,,0.4336,8
,,,0.4338,8
,,,0.434,8
,,,0.4342,7.6
,,,0.4344,7.2
,,,0.4346,7.2
,,,0.4348,6.8
,,,0.435,6.4
,,,0.4352,6
,,,0.4354,5.2
,,,0.4356,4.8
,,,0.4358,4.4
,,,0.436,4
,,,0.4362,3.6
,,,0.4364,3.6
,,,0.4366,3.6
,,,0.4368,3.6
,,,0.437,3.6
,,,0.4372,4
,,,0.4374,4
,,,0.4376,4.4
,,,0.4378,4.8
,,,0.438,4.8
,,,0.4382,5.2
,,,0.4384,5.2
,,,0.4386,5.2
,,,0.4388,5.2
,,,0.439,5.2
,,,0.4392,4.8
,,,0.4394,4.4
,,,0.4396,4
,,,0.4398,3.6
,,,0.44,2.8
,,,0.4402,2.4
,,,0.4404,2.4
,,,0.4406,2.4
,,,0.4408,2.8
,,,0.441,2.8
,,,0.4412,3.2
,,,0.4414,3.6
,,,0.4416,4
,,,0.4418,4.4
,,,0.442,4.4
,,,0.4422,4.4
,,,0.4424,4.4
,,,0.4426,4.4
,,,0.4428,4
,,,0.443,3.6
,,,0.4432,3.2
,,,0.4434,3.2
,,,0.4436,3.2
,,,0.4438,3.2
,,,0.444,3.6
,,,0.4442,4
,,,0.4444,4.4
,,,0.4446,4.8
,,,0.4448,5.2
,,,0.445,5.2
,,,0.4452,5.6
,,,0.4454,5.2
,,,0.4456,5.2
,,,0.4458,4.8
,,,0.446,4.8
,,,0.4462,5.2
,,,0.4464,5.6
,,,0.4466,6
,,,0.4468,6.4
,,,0.447,6.8
,,,0.4472,6.8
,,,0.4474,7.2
,,,0.4476,7.6
,,,0.4478,7.6
,,,0.448,7.6
,,,0.4482,7.6
,,,0.4484,8
,,,0.4486,8
,,,0.4488,8.8
,,,0.449,9.2
,,,0.4492,9.6
,,,0.4494,10
,,,0.4496,10.4
,,,0.4498,10.8
